,City,Lat,Lng,Max Temp,Humidity,Cloudiness,Wind Speed,Country,Date,Current Description
0,Pevek,69.7,170.31,13.98,96,84,2.39,RU,2020-11-24 18:34:33,broken clouds
1,Kavieng,-2.57,150.8,83.23,77,100,12.5,PG,2020-11-24 18:34:33,overcast clouds
2,Nanning,22.82,108.32,60.8,87,40,6.71,CN,2020-11-24 18:30:33,scattered clouds
3,Carnarvon,-24.87,113.63,71.6,83,0,16.11,AU,2020-11-24 18:34:33,clear sky
4,Arraial Do Cabo,-22.97,-42.03,78.8,78,75,13.87,BR,2020-11-24 18:34:33,broken clouds
5,East London,-33.02,27.91,66.2,55,0,13.87,ZA,2020-11-24 18:34:33,clear sky
6,Bredasdorp,-34.53,20.04,57.2,58,65,9.17,ZA,2020-11-24 18:34:33,broken clouds
7,Tasiilaq,65.61,-37.64,21.2,67,75,9.17,GL,2020-11-24 18:34:33,broken clouds
8,Nsanje,-16.92,35.26,88.86,31,3,0.51,MW,2020-11-24 18:34:33,clear sky
9,Cabo San Lucas,22.89,-109.91,82.99,42,75,2.24,MX,2020-11-24 18:29:41,broken clouds
10,Dikson,73.51,80.55,15.21,96,100,22.39,RU,2020-11-24 18:34:33,overcast clouds
11,Rikitea,-23.12,-134.97,74.03,78,100,12.46,PF,2020-11-24 18:34:33,overcast clouds
12,Flinders,-34.58,150.86,66.0,82,97,1.01,AU,2020-11-24 18:34:34,overcast clouds
13,Buraydah,26.33,43.98,66.2,52,0,8.05,SA,2020-11-24 18:30:22,clear sky
14,Bluff,-46.6,168.33,48.99,94,0,1.01,NZ,2020-11-24 18:34:34,clear sky
15,Thompson,55.74,-97.86,10.4,85,90,3.36,CA,2020-11-24 18:34:34,light snow
16,Kutoarjo,-7.72,109.91,61.0,81,61,2.55,ID,2020-11-24 18:30:09,broken clouds
17,Port Hardy,50.7,-127.42,42.8,100,75,2.24,CA,2020-11-24 18:34:34,broken clouds
18,Cape Town,-33.93,18.42,62.01,58,40,9.17,ZA,2020-11-24 18:34:14,scattered clouds
19,Jamestown,42.1,-79.24,39.99,69,75,3.27,US,2020-11-24 18:30:16,broken clouds
20,Ongandjera,-17.88,15.07,87.24,21,4,14.05,NA,2020-11-24 18:34:34,clear sky
21,Mahebourg,-20.41,57.7,75.2,88,75,8.05,MU,2020-11-24 18:34:34,shower rain
22,Cravo Norte,6.3,-70.2,89.96,56,93,7.4,CO,2020-11-24 18:34:34,overcast clouds
23,Butaritari,3.07,172.79,81.57,79,16,16.67,KI,2020-11-24 18:34:34,few clouds
24,Kapaa,22.08,-159.32,77.0,83,90,18.34,US,2020-11-24 18:34:34,overcast clouds
25,Kidal,18.44,1.41,69.67,19,0,7.0,ML,2020-11-24 18:34:34,clear sky
26,Mataura,-46.19,168.86,48.99,94,0,1.01,NZ,2020-11-24 18:34:34,clear sky
27,Beyneu,45.32,55.2,30.97,97,0,7.94,KZ,2020-11-24 18:34:34,clear sky
28,Meulaboh,4.14,96.13,77.97,85,100,4.76,ID,2020-11-24 18:34:34,overcast clouds
29,Provideniya,64.38,-173.3,35.31,95,100,17.09,RU,2020-11-24 18:34:35,light rain
30,Nikolskoye,59.7,30.79,36.0,94,90,4.47,RU,2020-11-24 18:34:35,overcast clouds
31,Torbay,47.67,-52.73,55.4,93,90,27.51,CA,2020-11-24 18:34:35,light rain
32,Erzin,36.96,36.2,61.0,37,22,5.77,TR,2020-11-24 18:34:35,few clouds
33,Neiafu,-18.65,-173.98,77.0,88,40,16.31,TO,2020-11-24 18:34:35,scattered clouds
34,Labytnangi,66.66,66.42,6.1,94,99,3.44,RU,2020-11-24 18:34:35,overcast clouds
35,Faya,18.39,42.45,62.6,87,0,2.28,SA,2020-11-24 18:34:35,clear sky
36,Vaini,-21.2,-175.2,73.4,94,75,4.7,TO,2020-11-24 18:34:35,broken clouds
37,Port Elizabeth,-33.92,25.57,62.6,72,40,24.16,ZA,2020-11-24 18:32:36,scattered clouds
38,Haines Junction,60.75,-137.51,17.6,72,100,11.41,CA,2020-11-24 18:34:35,overcast clouds
39,Khatanga,71.97,102.5,9.99,96,100,6.49,RU,2020-11-24 18:34:35,overcast clouds
40,Sitka,57.05,-135.33,44.6,56,90,9.17,US,2020-11-24 18:34:35,overcast clouds
41,Hobart,-42.88,147.33,59.0,72,7,9.17,AU,2020-11-24 18:30:36,clear sky
42,Severo-Kurilsk,50.68,156.12,30.07,89,87,31.45,RU,2020-11-24 18:34:35,overcast clouds
43,Fairview,40.81,-74.0,48.99,36,1,8.05,US,2020-11-24 18:29:57,clear sky
44,Belmonte,-15.86,-38.88,78.8,65,40,9.17,BR,2020-11-24 18:34:35,scattered clouds
45,Cumberland,35.05,-78.87,55.99,40,1,5.82,US,2020-11-24 18:34:35,clear sky
46,Korla,41.76,86.15,18.52,85,0,1.3,CN,2020-11-24 18:34:36,clear sky
47,Sohatu,44.32,26.5,43.0,80,20,1.12,RO,2020-11-24 18:34:36,few clouds
48,Hilo,19.73,-155.09,73.4,88,90,3.06,US,2020-11-24 18:32:59,mist
49,Albany,42.6,-73.97,43.0,41,0,1.99,US,2020-11-24 18:30:06,clear sky
50,Arman,59.7,150.17,-1.48,84,0,9.42,RU,2020-11-24 18:34:36,clear sky
51,Ihosy,-22.4,46.12,72.28,81,56,9.24,MG,2020-11-24 18:34:36,broken clouds
52,Vila Franca Do Campo,37.72,-25.43,57.2,54,20,14.99,PT,2020-11-24 18:34:36,few clouds
53,Lodwar,3.12,35.6,88.29,36,25,6.58,KE,2020-11-24 18:34:36,scattered clouds
54,Berlevag,70.86,29.09,28.4,74,40,9.17,NO,2020-11-24 18:34:36,scattered clouds
55,Ushuaia,-54.8,-68.3,44.6,70,75,14.99,AR,2020-11-24 18:33:09,light intensity drizzle
56,Atuona,-9.8,-139.03,78.49,75,0,15.93,PF,2020-11-24 18:34:36,clear sky
57,Chuy,-33.7,-53.46,85.68,53,1,9.17,UY,2020-11-24 18:34:36,clear sky
58,Coquimbo,-29.95,-71.34,66.2,63,0,16.11,CL,2020-11-24 18:34:36,clear sky
59,Avarua,-21.21,-159.78,80.6,74,90,3.36,CK,2020-11-24 18:34:36,overcast clouds
60,Dunedin,-45.87,170.5,54.0,82,1,3.0,NZ,2020-11-24 18:34:36,clear sky
61,Baykit,61.67,96.37,8.29,92,100,1.61,RU,2020-11-24 18:34:37,overcast clouds
62,Tonantins,-2.87,-67.8,86.4,83,99,2.53,BR,2020-11-24 18:34:37,overcast clouds
63,Juneau,58.3,-134.42,37.99,93,90,4.45,US,2020-11-24 18:33:19,overcast clouds
64,Adrar,20.5,-10.07,68.25,23,94,11.43,MR,2020-11-24 18:34:37,overcast clouds
65,Puerto Ayora,-0.74,-90.35,78.8,69,75,13.87,EC,2020-11-24 18:34:37,broken clouds
66,Nanortalik,60.14,-45.24,30.16,97,100,16.04,GL,2020-11-24 18:34:37,overcast clouds
67,Jambi,-1.6,103.62,73.4,98,100,4.54,ID,2020-11-24 18:34:37,overcast clouds
68,Mollendo,-17.02,-72.01,66.85,66,89,8.48,PE,2020-11-24 18:34:37,overcast clouds
69,Jinchang,38.5,102.17,20.23,85,100,2.26,CN,2020-11-24 18:34:37,overcast clouds
70,Narsaq,60.92,-46.05,24.8,53,75,4.7,GL,2020-11-24 18:34:37,broken clouds
71,Cidreira,-30.18,-50.21,75.02,75,0,18.84,BR,2020-11-24 18:34:37,clear sky
72,Henties Bay,-22.12,14.28,61.0,82,0,5.99,NA,2020-11-24 18:34:37,clear sky
73,Kangaatsiaq,68.31,-53.46,23.76,89,100,19.86,GL,2020-11-24 18:34:37,overcast clouds
74,Broken Hill,-31.95,141.43,62.6,45,0,7.65,AU,2020-11-24 18:34:38,clear sky
75,Port Alfred,-33.59,26.89,64.27,74,52,18.68,ZA,2020-11-24 18:34:38,broken clouds
76,Tuatapere,-46.13,167.68,48.99,94,2,1.01,NZ,2020-11-24 18:34:38,clear sky
77,Aldan,58.6,125.39,1.29,93,100,11.43,RU,2020-11-24 18:34:38,light snow
78,Tuchola,53.59,17.86,42.01,90,96,11.39,PL,2020-11-24 18:34:38,overcast clouds
79,Poso,-1.4,120.75,81.0,71,98,3.98,ID,2020-11-24 18:34:38,overcast clouds
80,Biak,-0.91,122.88,77.94,76,100,2.51,ID,2020-11-24 18:34:38,overcast clouds
81,Bengkulu,-3.8,102.27,74.88,94,100,7.09,ID,2020-11-24 18:33:49,light rain
82,Yar-Sale,66.83,70.83,9.97,96,93,10.74,RU,2020-11-24 18:34:38,overcast clouds
83,Bafra,41.57,35.91,53.6,62,75,11.41,TR,2020-11-24 18:34:38,broken clouds
84,Olafsvik,64.89,-23.71,35.49,84,100,24.02,IS,2020-11-24 18:34:38,light rain
85,Saskylakh,71.92,114.08,-8.99,90,77,4.88,RU,2020-11-24 18:34:38,broken clouds
86,Mercedes,-34.65,-59.43,93.99,60,93,30.0,AR,2020-11-24 18:34:39,overcast clouds
87,Iqaluit,63.75,-68.51,-0.4,70,75,3.36,CA,2020-11-24 18:34:39,light snow
88,Kiama,-34.68,150.87,66.0,91,100,4.74,AU,2020-11-24 18:34:39,overcast clouds
89,The Valley,18.22,-63.06,86.0,70,20,12.75,AI,2020-11-24 18:34:39,few clouds
90,Kutum,14.2,24.67,69.84,21,85,10.8,SD,2020-11-24 18:34:39,overcast clouds
91,Beira,-19.84,34.84,82.4,88,75,14.99,MZ,2020-11-24 18:34:39,broken clouds
92,Kodiak,57.79,-152.41,33.8,80,1,4.7,US,2020-11-24 18:34:39,clear sky
93,Castanos,26.78,-101.42,90.0,18,0,5.01,MX,2020-11-24 18:34:39,clear sky
94,Sabang,5.89,95.32,81.81,78,100,11.83,ID,2020-11-24 18:34:39,overcast clouds
95,Avallon,47.48,3.9,45.0,67,94,4.72,FR,2020-11-24 18:34:39,overcast clouds
96,Rioja,-29.41,-66.85,94.84,28,0,12.19,AR,2020-11-24 18:34:39,clear sky
97,Punta Arenas,-53.15,-70.92,49.89,55,100,20.15,CL,2020-11-24 18:34:39,overcast clouds
98,Padang,-0.95,100.35,76.32,83,100,3.56,ID,2020-11-24 18:32:22,heavy intensity rain
99,Kalabo,-14.97,22.68,75.18,71,100,3.83,ZM,2020-11-24 18:34:39,light rain
100,Moju,-1.88,-48.77,86.0,66,75,13.87,BR,2020-11-24 18:34:18,broken clouds
101,Esperance,-33.87,121.9,62.6,82,90,12.75,AU,2020-11-24 18:34:40,overcast clouds
102,Ewa Beach,21.32,-158.01,77.0,78,1,5.82,US,2020-11-24 18:34:40,clear sky
103,Berberati,4.26,15.79,75.61,49,100,1.39,CF,2020-11-24 18:34:40,overcast clouds
104,Luderitz,-26.65,15.16,64.4,68,0,17.22,NA,2020-11-24 18:34:40,clear sky
105,Aripuana,-9.17,-60.63,94.03,45,98,3.67,BR,2020-11-24 18:34:40,overcast clouds
106,Senno,59.53,33.92,32.0,94,100,1.99,RU,2020-11-24 18:34:40,overcast clouds
107,Sibolga,1.74,98.78,75.87,81,100,2.91,ID,2020-11-24 18:34:40,overcast clouds
108,Yellowknife,62.46,-114.35,16.0,92,90,10.29,CA,2020-11-24 18:31:44,light snow
109,Longyearbyen,78.22,15.64,28.4,63,75,2.24,SJ,2020-11-24 18:34:40,broken clouds
110,Chatakonda,17.55,80.65,68.11,69,100,1.61,IN,2020-11-24 18:34:40,overcast clouds
111,North Bend,43.41,-124.22,46.99,93,90,11.41,US,2020-11-24 18:34:40,overcast clouds
112,Mount Isa,-20.73,139.5,86.0,22,4,10.29,AU,2020-11-24 18:34:40,clear sky
113,Saint-Philippe,-21.36,55.77,75.2,78,100,5.82,RE,2020-11-24 18:34:40,overcast clouds
114,Porto Novo,6.5,2.6,84.2,79,20,12.75,BJ,2020-11-24 18:30:00,few clouds
115,Norman Wells,65.28,-126.83,-2.2,84,75,5.82,CA,2020-11-24 18:34:40,broken clouds
116,Thinadhoo,0.53,72.93,82.4,75,0,10.13,MV,2020-11-24 18:34:40,clear sky
117,Saint Anthony,45.02,-93.22,37.0,93,90,5.82,US,2020-11-24 18:34:41,mist
118,New Norfolk,-42.78,147.06,57.0,73,22,3.33,AU,2020-11-24 18:34:41,few clouds
119,Upernavik,72.79,-56.15,7.52,77,0,6.76,GL,2020-11-24 18:34:41,clear sky
120,Mar Del Plata,-38.0,-57.56,66.2,93,90,5.82,AR,2020-11-24 18:32:44,light rain
121,Maceio,-9.67,-35.74,84.2,51,40,11.41,BR,2020-11-24 18:34:41,scattered clouds
122,Lavrentiya,65.58,-171.0,35.96,95,100,30.49,RU,2020-11-24 18:34:41,moderate rain
123,Busselton,-33.65,115.33,55.0,88,1,12.28,AU,2020-11-24 18:34:41,clear sky
124,Xai-Xai,-25.05,33.64,89.38,49,0,14.29,MZ,2020-11-24 18:34:41,clear sky
125,Belyy Yar,53.6,91.39,21.2,79,63,4.47,RU,2020-11-24 18:34:41,light snow
126,Longyan,25.11,117.02,60.55,87,3,2.28,CN,2020-11-24 18:34:41,clear sky
127,Netanya,32.33,34.86,66.2,63,0,4.7,IL,2020-11-24 18:31:19,clear sky
128,Baran,25.1,76.52,61.36,39,0,7.38,IN,2020-11-24 18:34:42,clear sky
129,Moses Lake,47.13,-119.28,37.4,86,90,6.93,US,2020-11-24 18:32:51,mist
130,Tortoli,39.93,9.66,55.4,71,90,5.82,IT,2020-11-24 18:34:42,overcast clouds
131,Poum,-20.23,164.02,76.82,75,98,15.79,NC,2020-11-24 18:34:42,overcast clouds
132,Belaya Gora,68.53,146.42,-1.61,92,100,13.35,RU,2020-11-24 18:34:42,overcast clouds
133,Castro,-24.79,-50.01,79.54,50,82,3.58,BR,2020-11-24 18:34:42,broken clouds
134,Vaitape,-16.52,-151.75,81.21,77,1,9.95,PF,2020-11-24 18:34:42,clear sky
135,Kozhva,65.11,57.05,22.75,97,99,9.28,RU,2020-11-24 18:34:42,overcast clouds
136,Qaanaaq,77.48,-69.36,8.62,91,100,2.55,GL,2020-11-24 18:34:42,overcast clouds
137,Rocha,-34.48,-54.33,89.15,52,12,13.96,UY,2020-11-24 18:30:28,few clouds
138,Conceicao Do Araguaia,-8.26,-49.26,91.06,49,98,6.53,BR,2020-11-24 18:34:42,overcast clouds
139,Camacha,33.08,-16.33,66.2,72,20,6.93,PT,2020-11-24 18:34:42,few clouds
140,Santa Rosalia,27.32,-112.28,72.46,40,0,7.83,MX,2020-11-24 18:34:42,clear sky
141,Omsukchan,62.53,155.8,-9.08,86,100,4.97,RU,2020-11-24 18:34:42,overcast clouds
142,Chara,56.91,118.26,-2.18,78,56,4.74,RU,2020-11-24 18:34:42,broken clouds
143,Riyadh,24.69,46.72,62.6,48,0,2.24,SA,2020-11-24 18:33:58,clear sky
144,Ahipara,-35.17,173.17,66.29,86,95,17.45,NZ,2020-11-24 18:34:43,overcast clouds
145,Cayenne,4.93,-52.33,87.8,62,20,16.11,GF,2020-11-24 18:30:06,few clouds
146,Luganville,-15.53,167.17,71.6,94,75,4.81,VU,2020-11-24 18:34:43,broken clouds
147,Myanaung,18.28,95.32,72.16,86,0,7.99,MM,2020-11-24 18:34:43,clear sky
148,Hithadhoo,-0.6,73.08,82.15,75,0,9.98,MV,2020-11-24 18:34:43,clear sky
149,Praia,14.92,-23.51,82.4,61,0,9.17,CV,2020-11-24 18:34:06,clear sky
150,Freeport,40.66,-73.58,50.0,39,1,11.41,US,2020-11-24 18:31:38,clear sky
151,Pagegiai,55.14,21.91,43.75,86,100,14.85,LT,2020-11-24 18:34:43,overcast clouds
152,Dobrinje,44.05,18.12,35.6,100,75,3.36,BA,2020-11-24 18:34:43,broken clouds
153,Ponta Do Sol,32.67,-17.1,66.2,72,20,4.7,PT,2020-11-24 18:33:04,few clouds
154,Cabinda,-5.55,12.2,78.44,87,100,7.83,AO,2020-11-24 18:34:43,overcast clouds
155,Hermanus,-34.42,19.23,55.0,72,82,1.01,ZA,2020-11-24 18:34:43,broken clouds
156,Matelandia,-25.24,-54.0,96.8,40,0,6.93,BR,2020-11-24 18:34:43,clear sky
157,Hambantota,6.12,81.12,78.44,82,100,13.8,LK,2020-11-24 18:34:43,light rain
158,Myitkyina,25.38,97.4,62.15,80,70,2.17,MM,2020-11-24 18:34:43,broken clouds
159,Zhoucheng,35.91,116.31,41.0,1,0,3.06,CN,2020-11-24 18:34:44,clear sky
160,Ribeira Grande,38.52,-28.7,60.8,48,40,4.7,PT,2020-11-24 18:34:44,scattered clouds
161,Gamba,-2.65,10.0,77.68,91,90,5.32,GA,2020-11-24 18:34:44,overcast clouds
162,Nome,64.5,-165.41,30.2,100,90,27.51,US,2020-11-24 18:34:44,snow
163,Warka,51.78,21.19,42.01,70,62,9.86,PL,2020-11-24 18:34:44,broken clouds
164,Adwa,14.16,38.9,63.77,60,57,2.57,ET,2020-11-24 18:34:44,broken clouds
165,Hamilton,39.18,-84.53,48.2,57,75,10.29,US,2020-11-24 18:34:44,broken clouds
166,Isangel,-19.55,169.27,75.81,80,73,8.88,VU,2020-11-24 18:34:44,broken clouds
167,Leshukonskoye,64.9,45.76,26.15,97,100,7.34,RU,2020-11-24 18:34:44,overcast clouds
168,Mayor Pablo Lagerenza,-19.93,-60.77,108.3,16,0,12.97,PY,2020-11-24 18:34:44,clear sky
169,Ola,59.58,151.28,-1.05,84,0,10.07,RU,2020-11-24 18:34:44,clear sky
170,Marawi,8.0,124.29,75.99,93,100,4.0,PH,2020-11-24 18:34:44,overcast clouds
171,Darab,28.75,54.54,57.52,37,0,5.41,IR,2020-11-24 18:34:44,clear sky
172,Peniche,39.36,-9.38,61.0,81,100,10.0,PT,2020-11-24 18:34:44,overcast clouds
173,Codrington,-38.27,141.97,52.36,78,0,7.54,AU,2020-11-24 18:34:45,clear sky
174,Pandharpur,17.67,75.33,70.11,49,65,6.73,IN,2020-11-24 18:34:45,broken clouds
175,Cedar Rapids,42.01,-91.64,41.0,100,90,19.46,US,2020-11-24 18:33:20,moderate rain
176,Nioro,13.35,-15.75,85.93,18,29,3.8,GM,2020-11-24 18:34:45,scattered clouds
177,Tamale,9.4,-0.84,88.56,26,25,2.3,GH,2020-11-24 18:34:45,scattered clouds
178,Varca,15.22,73.92,78.8,83,20,2.24,IN,2020-11-24 18:34:45,light rain
179,Lebu,-37.62,-73.65,60.75,72,44,12.24,CL,2020-11-24 18:34:45,scattered clouds
180,Sinnamary,5.38,-52.95,82.26,76,40,12.19,GF,2020-11-24 18:34:45,scattered clouds
181,Havre-Saint-Pierre,50.23,-63.6,21.2,62,90,19.46,CA,2020-11-24 18:34:45,light snow
182,Naron,43.52,-8.15,60.01,71,100,3.0,ES,2020-11-24 18:34:45,overcast clouds
183,Ferkessedougou,9.6,-5.2,80.85,25,56,2.53,CI,2020-11-24 18:34:45,broken clouds
184,Beloha,-25.17,45.05,71.53,87,0,2.35,MG,2020-11-24 18:34:45,clear sky
185,Husavik,66.04,-17.34,32.0,96,75,5.82,IS,2020-11-24 18:34:45,broken clouds
186,Farrukhnagar,17.08,78.2,68.0,93,40,4.7,IN,2020-11-24 18:34:45,mist
187,Boende,-0.22,20.87,71.46,92,100,1.9,CD,2020-11-24 18:34:46,overcast clouds
188,Tocopilla,-22.09,-70.2,70.0,54,53,13.49,CL,2020-11-24 18:34:46,broken clouds
189,La Grande,45.32,-118.09,41.0,64,1,12.75,US,2020-11-24 18:34:46,clear sky
190,Purpe,64.48,76.69,8.01,89,91,12.15,RU,2020-11-24 18:34:46,overcast clouds
191,Hudson Bay,52.85,-102.38,11.16,93,100,6.13,CA,2020-11-24 18:34:46,overcast clouds
192,Camana,-16.62,-72.71,68.4,65,96,9.01,PE,2020-11-24 18:34:46,overcast clouds
193,Barrow,71.29,-156.79,10.4,78,90,16.11,US,2020-11-24 18:34:46,light snow
194,San Angelo,31.46,-100.44,77.0,50,1,21.92,US,2020-11-24 18:30:42,clear sky
195,Fairbanks,64.84,-147.72,5.0,84,75,3.89,US,2020-11-24 18:31:13,light snow
196,Missoula,47.02,-113.8,37.99,91,90,5.79,US,2020-11-24 18:34:46,overcast clouds
197,Monterey,36.25,-121.25,57.99,66,1,10.29,US,2020-11-24 18:34:46,clear sky
198,Sandnessjoen,66.02,12.63,42.8,75,75,27.51,NO,2020-11-24 18:34:46,broken clouds
199,Taltal,-25.4,-70.48,68.94,56,66,10.11,CL,2020-11-24 18:34:46,broken clouds
200,Garden City,42.33,-83.33,39.99,69,90,6.93,US,2020-11-24 18:34:46,overcast clouds
201,Itarema,-2.92,-39.92,84.52,65,70,18.86,BR,2020-11-24 18:34:46,broken clouds
202,Bathsheba,13.22,-59.52,86.0,66,40,18.34,BB,2020-11-24 18:34:46,scattered clouds
203,Whitianga,-36.83,175.7,64.99,99,100,8.99,NZ,2020-11-24 18:34:47,light rain
204,Pak Phanang,8.35,100.2,79.57,77,100,5.68,TH,2020-11-24 18:34:47,light rain
205,Hofn,64.25,-15.21,38.05,76,100,15.68,IS,2020-11-24 18:34:47,overcast clouds
206,Clyde River,70.47,-68.59,8.6,92,90,26.4,CA,2020-11-24 18:34:47,overcast clouds
207,Karratha,-20.74,116.85,78.03,72,0,5.21,AU,2020-11-24 18:33:51,clear sky
208,Souillac,-20.52,57.52,75.2,88,75,8.05,MU,2020-11-24 18:34:47,shower rain
209,Bunia,1.57,30.25,64.36,88,100,2.51,CD,2020-11-24 18:34:47,overcast clouds
210,Vila,42.03,-8.16,53.01,86,81,10.0,PT,2020-11-24 18:34:47,broken clouds
211,Bejuco,8.6,-79.88,89.6,62,40,4.7,PA,2020-11-24 18:34:47,scattered clouds
212,Kailua,21.4,-157.74,77.0,78,75,11.41,US,2020-11-24 18:34:47,moderate rain
213,Bari,41.12,16.85,59.0,87,40,4.7,IT,2020-11-24 18:30:01,scattered clouds
214,Katsuura,35.13,140.3,52.0,81,75,13.87,JP,2020-11-24 18:34:47,broken clouds
215,Lompoc,34.64,-120.46,60.01,62,1,1.9,US,2020-11-24 18:34:47,clear sky
216,Bafoulabe,13.81,-10.83,83.73,15,4,5.35,ML,2020-11-24 18:34:47,clear sky
217,Tucurui,-3.77,-49.67,87.91,62,69,1.41,BR,2020-11-24 18:34:47,light rain
218,Mana,5.66,-53.78,81.54,81,56,11.74,GF,2020-11-24 18:34:48,light rain
219,Deputatskiy,69.3,139.9,-17.5,88,100,7.67,RU,2020-11-24 18:34:48,overcast clouds
220,Ossora,59.24,163.07,14.76,86,0,6.22,RU,2020-11-24 18:34:48,clear sky
221,Praya,14.92,-23.51,82.4,61,0,9.17,CV,2020-11-24 18:32:49,clear sky
222,Mount Gambier,-37.83,140.77,51.8,93,0,4.7,AU,2020-11-24 18:34:48,clear sky
223,Rio Grande City,26.38,-98.82,89.01,48,0,5.99,US,2020-11-24 18:34:48,clear sky
224,Jiuquan,39.74,98.52,18.16,85,0,1.61,CN,2020-11-24 18:34:48,clear sky
225,Leningradskiy,69.38,178.42,26.65,97,100,12.75,RU,2020-11-24 18:34:48,light snow
226,La Paz,-16.5,-68.15,68.0,19,40,13.87,BO,2020-11-24 18:34:48,scattered clouds
227,Bognor Regis,50.78,-0.68,53.01,90,98,3.0,GB,2020-11-24 18:34:48,overcast clouds
228,Lorengau,-2.02,147.27,82.38,73,100,8.57,PG,2020-11-24 18:34:48,overcast clouds
229,Dingle,11.0,122.67,75.31,91,100,8.75,PH,2020-11-24 18:34:48,overcast clouds
230,San Quintin,30.48,-115.95,64.51,59,0,5.14,MX,2020-11-24 18:34:48,clear sky
231,Sao Filipe,14.9,-24.5,79.84,71,100,4.52,CV,2020-11-24 18:34:49,overcast clouds
232,Chokurdakh,70.63,147.92,-1.66,93,100,7.54,RU,2020-11-24 18:34:49,overcast clouds
233,Waingapu,-9.66,120.26,81.23,77,92,3.74,ID,2020-11-24 18:34:49,overcast clouds
234,Mehriz,31.59,54.43,46.4,65,0,2.24,IR,2020-11-24 18:34:49,clear sky
235,Bima,-8.47,118.72,78.15,85,100,3.36,ID,2020-11-24 18:34:49,overcast clouds
236,Acapulco,16.86,-99.89,86.0,66,5,5.82,MX,2020-11-24 18:34:49,clear sky
237,Tautira,-17.73,-149.15,84.2,74,40,9.17,PF,2020-11-24 18:34:49,scattered clouds
238,Mecca,21.43,39.83,76.19,65,0,3.62,SA,2020-11-24 18:30:27,clear sky
239,Flin Flon,54.77,-101.86,14.0,85,90,4.7,CA,2020-11-24 18:34:49,light snow
240,Namibe,-15.2,12.15,70.9,72,0,4.85,AO,2020-11-24 18:34:49,clear sky
241,Smoky Lake,54.12,-112.47,19.4,92,100,9.17,CA,2020-11-24 18:34:49,overcast clouds
242,Sao Joao Dos Montes,38.94,-9.02,62.6,72,20,8.05,PT,2020-11-24 18:34:49,few clouds
243,Avera,33.19,-82.53,60.8,36,1,8.05,US,2020-11-24 18:34:49,clear sky
244,Pisco,-13.7,-76.22,73.4,60,0,18.34,PE,2020-11-24 18:34:49,clear sky
245,Te Anau,-45.42,167.72,46.31,87,18,1.05,NZ,2020-11-24 18:34:49,few clouds
246,Tiksi,71.69,128.87,-1.07,92,100,8.25,RU,2020-11-24 18:34:50,overcast clouds
247,Hasaki,35.73,140.83,50.0,87,75,11.41,JP,2020-11-24 18:34:50,broken clouds
248,Kaitangata,-46.28,169.85,50.0,74,0,5.01,NZ,2020-11-24 18:34:50,clear sky
249,Newark,40.74,-74.17,50.0,36,40,9.17,US,2020-11-24 18:31:14,scattered clouds
250,Saldanha,-33.01,17.94,59.0,62,90,5.82,ZA,2020-11-24 18:34:50,overcast clouds
251,Saint George,37.1,-113.58,54.0,32,1,4.7,US,2020-11-24 18:30:40,clear sky
252,Suoyarvi,62.08,32.35,29.98,98,97,6.35,RU,2020-11-24 18:34:50,overcast clouds
253,Gafanha Da Encarnacao,40.62,-8.73,60.01,82,75,9.17,PT,2020-11-24 18:34:50,broken clouds
254,Taoudenni,22.68,-3.98,64.02,29,26,10.33,ML,2020-11-24 18:34:50,scattered clouds
255,Kant,27.8,79.8,62.73,31,34,2.82,IN,2020-11-24 18:34:50,scattered clouds
256,Heyang,26.1,107.47,49.14,94,100,2.91,CN,2020-11-24 18:34:50,overcast clouds
257,Pasighat,28.07,95.33,60.24,56,0,3.31,IN,2020-11-24 18:34:50,clear sky
258,Constitucion,-35.33,-72.42,63.59,56,0,14.94,CL,2020-11-24 18:34:50,clear sky
259,Mattru,7.62,-11.83,77.4,88,7,4.63,SL,2020-11-24 18:34:50,clear sky
260,Zeya,53.75,127.27,6.35,88,0,4.83,RU,2020-11-24 18:34:50,clear sky
261,Nexo,55.06,15.13,48.2,93,100,20.8,DK,2020-11-24 18:34:50,overcast clouds
262,Salalah,17.02,54.09,78.8,69,0,3.36,OM,2020-11-24 18:34:50,clear sky
263,Brae,60.4,-1.35,46.4,87,75,6.93,GB,2020-11-24 18:34:51,light rain
264,Ituango,7.17,-75.76,70.7,89,99,2.77,CO,2020-11-24 18:34:51,overcast clouds
265,Mtwara,-10.27,40.18,80.6,83,20,6.93,TZ,2020-11-24 18:34:51,few clouds
266,Irbeyskoye,55.64,95.45,4.41,94,70,2.53,RU,2020-11-24 18:34:51,broken clouds
267,Eidfjord,60.47,7.07,33.01,84,100,3.89,NO,2020-11-24 18:34:51,light snow
268,Vardo,70.37,31.11,35.6,64,75,9.17,NO,2020-11-24 18:34:51,broken clouds
269,Requena,39.49,-1.1,45.0,80,100,2.17,ES,2020-11-24 18:33:16,overcast clouds
270,Los Llanos De Aridane,28.66,-17.92,73.4,73,0,8.05,ES,2020-11-24 18:34:51,clear sky
271,Tianpeng,30.99,103.94,48.0,1,87,3.0,CN,2020-11-24 18:34:51,overcast clouds
272,Port Lincoln,-34.73,135.87,60.94,68,0,9.24,AU,2020-11-24 18:34:51,light rain
273,Waw,7.7,28.0,85.17,32,2,2.73,SS,2020-11-24 18:34:51,clear sky
274,Linqiong,30.42,103.46,48.99,100,40,2.75,CN,2020-11-24 18:34:51,mist
275,Elko,41.0,-115.5,37.99,69,40,4.7,US,2020-11-24 18:30:02,scattered clouds
276,Sur,22.57,59.53,74.86,66,0,7.81,OM,2020-11-24 18:34:51,clear sky
277,Burgeo,47.62,-57.62,35.4,83,100,35.12,CA,2020-11-24 18:34:51,overcast clouds
278,Birchis,45.97,22.17,37.4,100,90,5.82,RO,2020-11-24 18:34:52,overcast clouds
279,Pizhanka,57.46,48.54,28.99,98,100,10.74,RU,2020-11-24 18:34:52,snow
280,Kamaishi,39.27,141.88,42.33,66,95,4.18,JP,2020-11-24 18:34:52,overcast clouds
281,Plattsburgh,44.7,-73.45,30.99,46,75,11.41,US,2020-11-24 18:34:52,broken clouds
282,Ler,8.3,30.14,85.21,33,70,3.85,SS,2020-11-24 18:34:52,broken clouds
283,Pandan,14.05,124.17,79.16,83,49,19.04,PH,2020-11-24 18:34:52,scattered clouds
284,Nouakchott,18.09,-15.98,87.8,10,100,12.75,MR,2020-11-24 18:34:52,overcast clouds
285,Sambava,-14.27,50.17,75.25,84,82,9.69,MG,2020-11-24 18:34:52,light rain
286,Barcelos,41.54,-8.62,59.0,87,75,14.99,PT,2020-11-24 18:32:26,broken clouds
287,South Lake Tahoe,38.93,-119.98,45.0,59,1,4.63,US,2020-11-24 18:34:52,clear sky
288,Sterling,39.01,-77.43,51.01,43,20,5.82,US,2020-11-24 18:33:45,few clouds
289,Dali,25.7,100.18,46.8,81,0,4.56,CN,2020-11-24 18:34:52,clear sky
290,Kyshtovka,56.55,76.63,12.25,93,0,3.33,RU,2020-11-24 18:34:52,clear sky
291,Keti Bandar,24.14,67.45,67.28,42,0,19.17,PK,2020-11-24 18:34:52,clear sky
292,San Patricio,28.02,-97.52,84.0,61,75,28.86,US,2020-11-24 18:34:52,broken clouds
293,Kuznechnoye,61.12,29.87,34.0,95,70,5.44,RU,2020-11-24 18:34:53,broken clouds
294,San Juan,-31.54,-68.54,85.86,23,0,14.85,AR,2020-11-24 18:33:42,clear sky
295,Bethel,41.37,-73.41,46.0,39,1,11.41,US,2020-11-24 18:34:43,clear sky
296,San Luis,-33.3,-66.34,78.93,50,0,13.58,AR,2020-11-24 18:34:53,clear sky
297,Las Cruces,32.31,-106.78,62.01,23,40,27.51,US,2020-11-24 18:34:53,scattered clouds
298,Hay River,60.82,-115.8,15.8,85,100,2.24,CA,2020-11-24 18:34:53,overcast clouds
299,Lazaro Cardenas,17.96,-102.2,84.2,66,0,7.43,MX,2020-11-24 18:30:02,clear sky
300,Busdi,8.28,125.25,67.93,84,100,3.29,PH,2020-11-24 18:34:53,light rain
301,Zavolzhsk,57.48,42.14,32.02,98,100,3.67,RU,2020-11-24 18:34:54,overcast clouds
302,Laramie,41.31,-105.59,33.01,50,90,6.93,US,2020-11-24 18:34:51,overcast clouds
303,Necochea,-38.55,-58.74,72.12,73,100,10.38,AR,2020-11-24 18:32:11,overcast clouds
304,Mutsu,41.29,141.22,36.0,86,75,5.82,JP,2020-11-24 18:34:54,broken clouds
305,Japura,-0.32,102.35,72.81,97,100,2.19,ID,2020-11-24 18:34:54,overcast clouds
306,Airai,-8.93,125.41,61.18,99,3,0.94,TL,2020-11-24 18:34:55,clear sky
307,Hirado,33.36,129.55,54.0,46,89,4.81,JP,2020-11-24 18:34:55,overcast clouds
308,Pacifica,37.61,-122.49,60.01,76,1,0.85,US,2020-11-24 18:34:55,clear sky
309,Fare,-16.7,-151.02,81.41,76,0,8.66,PF,2020-11-24 18:34:55,clear sky
310,Nenjiang,49.18,125.22,11.03,92,92,4.94,CN,2020-11-24 18:34:55,overcast clouds
311,Wufeng,27.45,104.83,35.47,96,98,4.38,CN,2020-11-24 18:34:55,overcast clouds
312,Paamiut,61.99,-49.67,31.59,95,100,31.97,GL,2020-11-24 18:34:56,overcast clouds
313,Akyab,20.15,92.9,73.74,73,100,5.53,MM,2020-11-24 18:34:56,overcast clouds
314,Bara,10.37,10.73,79.72,28,100,4.76,NG,2020-11-24 18:34:56,overcast clouds
315,Tysons Corner,38.92,-77.23,52.0,34,20,2.71,US,2020-11-24 18:32:14,few clouds
316,Shengjin,41.81,19.59,48.2,87,0,2.24,AL,2020-11-24 18:34:56,clear sky
317,Bayir,37.27,28.22,53.6,58,0,1.12,TR,2020-11-24 18:34:57,clear sky
318,Rawson,-43.3,-65.1,68.7,27,44,12.28,AR,2020-11-24 18:31:07,scattered clouds
319,Shakawe,-18.37,21.85,77.63,56,96,4.41,BW,2020-11-24 18:34:57,overcast clouds
320,Darnetal,49.45,1.15,46.0,93,0,8.05,FR,2020-11-24 18:34:57,clear sky
321,Tuktoyaktuk,69.45,-133.04,5.0,77,75,6.93,CA,2020-11-24 18:34:57,broken clouds
322,Fomboni,-12.28,43.74,80.96,79,0,15.79,KM,2020-11-24 18:34:57,clear sky
323,Rosetta,31.4,30.42,68.0,72,40,4.7,EG,2020-11-24 18:34:57,scattered clouds
324,Phuthaditjhaba,-28.52,28.82,63.18,37,0,3.74,ZA,2020-11-24 18:34:57,clear sky
325,Pemangkat,1.17,108.97,76.89,88,100,3.89,ID,2020-11-24 18:34:57,overcast clouds
326,Mauguio,43.62,4.01,53.6,81,75,9.17,FR,2020-11-24 18:34:57,broken clouds
327,Chapais,49.78,-74.85,15.8,72,90,9.17,CA,2020-11-24 18:32:40,light snow
328,Faanui,-16.48,-151.75,80.24,81,7,10.56,PF,2020-11-24 18:34:57,clear sky
329,Ulladulla,-35.35,150.47,61.0,100,90,3.36,AU,2020-11-24 18:34:57,overcast clouds
330,Dong Hoi,17.48,106.6,75.02,86,93,8.48,VN,2020-11-24 18:34:57,light rain
331,Marshfield,44.67,-90.17,33.8,86,90,10.29,US,2020-11-24 18:30:09,mist
332,Powell River,49.85,-124.54,46.4,93,90,20.8,CA,2020-11-24 18:30:02,light rain
333,Hualmay,-11.1,-77.61,69.15,66,23,10.16,PE,2020-11-24 18:34:58,few clouds
334,Yatou,37.15,122.38,39.63,73,100,5.21,CN,2020-11-24 18:34:58,overcast clouds
335,Nantucket,41.28,-70.1,46.4,42,1,17.22,US,2020-11-24 18:34:58,clear sky
336,Darhan,49.49,105.92,14.31,92,35,2.01,MN,2020-11-24 18:34:22,scattered clouds
337,Shimanovsk,52.0,127.7,10.35,87,0,7.92,RU,2020-11-24 18:34:58,clear sky
338,Monitos,8.25,-76.05,87.06,69,55,4.59,CO,2020-11-24 18:34:58,broken clouds
339,Balykshi,47.07,51.87,26.6,100,75,11.18,KZ,2020-11-24 18:34:58,mist
340,Kulhudhuffushi,6.62,73.07,82.11,63,100,5.95,MV,2020-11-24 18:34:58,overcast clouds
341,Victoria,22.29,114.16,73.0,84,40,3.0,HK,2020-11-24 18:34:43,scattered clouds
342,Buenos Aires,-34.61,-58.38,87.8,43,0,6.93,AR,2020-11-24 18:32:06,clear sky
343,Kununurra,-15.77,128.73,75.2,100,49,11.41,AU,2020-11-24 18:34:58,light rain
344,Caravelas,-17.71,-39.25,78.6,75,97,8.32,BR,2020-11-24 18:34:58,overcast clouds
345,Rassvet,46.83,40.75,35.91,89,69,6.31,RU,2020-11-24 18:34:58,broken clouds
346,Vulcan,45.38,23.27,31.68,95,0,0.76,RO,2020-11-24 18:34:58,clear sky
347,Touros,-5.2,-35.46,82.4,69,75,11.41,BR,2020-11-24 18:34:38,broken clouds
348,Antalaha,-14.9,50.28,72.91,84,14,6.35,MG,2020-11-24 18:34:59,light rain
349,Sao Geraldo Do Araguaia,-6.4,-48.55,87.3,67,100,4.65,BR,2020-11-24 18:34:59,light rain
350,Talnakh,69.49,88.4,15.8,92,75,17.9,RU,2020-11-24 18:34:59,light snow
351,Nouadhibou,20.93,-17.03,78.8,31,96,4.7,MR,2020-11-24 18:34:59,overcast clouds
352,Chifeng,42.27,118.96,17.17,86,100,4.36,CN,2020-11-24 18:34:59,overcast clouds
353,Lagoa,39.05,-27.98,57.06,63,84,18.32,PT,2020-11-24 18:34:59,broken clouds
354,Mehamn,71.04,27.85,28.4,79,0,10.29,NO,2020-11-24 18:34:59,clear sky
355,Fort Nelson,58.81,-122.7,1.4,84,75,4.7,CA,2020-11-24 18:34:59,light snow
356,Kilindoni,-7.91,39.67,81.59,81,19,9.42,TZ,2020-11-24 18:34:59,light rain
357,Terney,45.05,136.61,25.21,88,100,7.29,RU,2020-11-24 18:34:59,overcast clouds
358,Makakilo City,21.35,-158.09,77.0,78,1,5.82,US,2020-11-24 18:34:59,clear sky
359,Guerrero Negro,27.98,-114.06,68.83,57,0,13.96,MX,2020-11-24 18:34:59,clear sky
360,Talcahuano,-36.72,-73.12,68.0,52,20,13.87,CL,2020-11-24 18:34:59,few clouds
361,Shimsk,58.21,30.71,34.2,91,43,6.82,RU,2020-11-24 18:34:59,scattered clouds
362,Celestun,20.87,-90.4,83.01,62,0,6.6,MX,2020-11-24 18:35:00,clear sky
363,Kayerkan,69.35,87.76,15.8,92,75,17.9,RU,2020-11-24 18:35:00,light snow
364,Iskateley,67.68,53.15,20.86,97,94,11.5,RU,2020-11-24 18:35:00,overcast clouds
365,Ambilobe,-13.2,49.05,77.29,68,5,6.17,MG,2020-11-24 18:35:00,clear sky
366,High Prairie,55.43,-116.49,24.8,92,100,1.12,CA,2020-11-24 18:35:00,overcast clouds
367,Dingtao,35.07,115.56,36.72,81,0,3.67,CN,2020-11-24 18:35:00,clear sky
368,Sjenica,43.27,20.0,29.89,96,0,2.91,RS,2020-11-24 18:35:00,clear sky
369,Gat,31.61,34.76,64.99,64,100,2.39,IL,2020-11-24 18:31:01,overcast clouds
370,Agbor,6.25,6.19,76.14,92,100,3.69,NG,2020-11-24 18:35:00,overcast clouds
371,Bloemfontein,-29.12,26.21,64.4,36,0,4.7,ZA,2020-11-24 18:35:00,clear sky
372,Kruisfontein,-34.0,24.73,61.0,75,44,5.01,ZA,2020-11-24 18:35:00,scattered clouds
373,Naze,28.37,129.48,69.8,73,20,12.75,JP,2020-11-24 18:35:00,few clouds
374,Kotdwara,29.75,78.53,59.76,49,100,4.47,IN,2020-11-24 18:35:00,overcast clouds
375,Herat,34.5,62.0,35.6,43,0,2.24,AF,2020-11-24 18:35:00,clear sky
376,Fortuna,40.6,-124.16,51.01,93,1,4.7,US,2020-11-24 18:32:28,clear sky
377,Altamira,-3.2,-52.21,87.8,62,40,3.36,BR,2020-11-24 18:35:00,scattered clouds
378,Svetlogorsk,52.63,29.73,41.04,87,100,13.18,BY,2020-11-24 18:35:01,overcast clouds
379,Georgetown,5.41,100.34,77.0,88,20,2.24,MY,2020-11-24 18:33:07,few clouds
380,Calama,-22.47,-68.93,80.6,5,0,27.51,CL,2020-11-24 18:35:01,clear sky
381,Bambous Virieux,-20.34,57.76,75.99,88,75,8.05,MU,2020-11-24 18:35:01,shower rain
382,Desna,50.93,30.76,41.0,80,100,11.18,UA,2020-11-24 18:35:01,overcast clouds
383,Pesochnoye,58.01,39.18,33.33,97,100,3.87,RU,2020-11-24 18:35:01,snow
384,Galveston,29.37,-94.97,75.99,83,90,14.99,US,2020-11-24 18:35:01,overcast clouds
385,Salinopolis,-0.61,-47.36,83.32,70,95,14.2,BR,2020-11-24 18:35:01,overcast clouds
386,Alyangula,-13.85,136.42,84.2,74,0,9.17,AU,2020-11-24 18:35:01,clear sky
387,Alofi,-19.06,-169.92,77.0,88,68,9.17,NU,2020-11-24 18:33:52,broken clouds
388,Weyburn,49.67,-103.85,19.4,92,0,3.36,CA,2020-11-24 18:30:03,clear sky
389,Pangai,-19.8,-174.35,77.0,88,75,6.93,TO,2020-11-24 18:35:01,broken clouds
390,Domoni,-12.26,44.53,78.6,77,0,5.23,KM,2020-11-24 18:35:01,clear sky
391,San Lazaro,18.04,-88.66,87.8,62,40,11.41,BZ,2020-11-24 18:35:02,scattered clouds
392,Port Hedland,-20.32,118.57,80.6,61,0,6.93,AU,2020-11-24 18:35:02,clear sky
393,Kestel,40.2,29.21,48.2,70,75,4.7,TR,2020-11-24 18:35:02,broken clouds
394,Bon Air,37.52,-77.56,53.01,46,0,3.49,US,2020-11-24 18:32:39,clear sky
395,Paraibano,-6.43,-43.98,86.74,63,84,5.91,BR,2020-11-24 18:35:02,broken clouds
396,Najran,17.49,44.13,66.2,45,0,4.7,SA,2020-11-24 18:35:02,clear sky
397,Mihailesti,44.33,25.91,43.0,80,20,1.12,RO,2020-11-24 18:35:02,few clouds
398,Verkhnyaya Inta,65.98,60.31,18.41,93,98,4.05,RU,2020-11-24 18:35:02,overcast clouds
399,Lampang,18.33,99.5,69.66,87,0,1.54,TH,2020-11-24 18:35:02,clear sky
400,Blackfoot,43.19,-112.34,30.99,87,47,10.0,US,2020-11-24 18:35:03,scattered clouds
401,Lara,-38.02,144.4,54.0,100,0,4.7,AU,2020-11-24 18:35:03,clear sky
402,Seymchan,62.88,152.43,-2.65,88,100,5.17,RU,2020-11-24 18:35:03,overcast clouds
403,Jieshi,22.81,115.83,68.5,83,0,16.69,CN,2020-11-24 18:30:04,clear sky
404,Kabinda,-6.13,24.48,67.86,98,100,1.74,CD,2020-11-24 18:35:03,overcast clouds
405,Iesolo,45.53,12.64,43.0,87,0,3.36,IT,2020-11-24 18:35:03,clear sky
406,Geraldton,-28.77,114.6,68.0,77,0,13.87,AU,2020-11-24 18:35:03,clear sky
407,Manokwari,-0.87,134.08,78.4,84,100,2.01,ID,2020-11-24 18:35:03,overcast clouds
408,Shahrud,36.42,54.98,36.19,79,0,0.89,IR,2020-11-24 18:35:03,clear sky
409,Kieta,-6.22,155.63,79.43,78,100,5.53,PG,2020-11-24 18:35:03,moderate rain
410,Glendive,47.11,-104.71,34.0,74,1,6.93,US,2020-11-24 18:35:03,clear sky
411,Ilulissat,69.22,-51.1,17.6,44,40,25.28,GL,2020-11-24 18:35:04,scattered clouds
412,Okhotsk,59.38,143.3,-5.15,86,52,21.83,RU,2020-11-24 18:35:04,broken clouds
413,Sidlaghatta,13.39,77.86,68.0,100,40,2.24,IN,2020-11-24 18:35:04,mist
414,Erenhot,43.65,111.98,8.94,91,0,5.21,CN,2020-11-24 18:35:04,clear sky
415,Bramming,55.47,8.7,50.0,93,100,10.29,DK,2020-11-24 18:35:04,overcast clouds
416,Kahului,20.89,-156.47,75.2,83,40,19.46,US,2020-11-24 18:30:41,scattered clouds
417,Port-Gentil,-0.72,8.78,80.6,88,20,8.05,GA,2020-11-24 18:35:04,few clouds
418,Bereda,43.27,-7.54,55.0,77,87,10.0,ES,2020-11-24 18:35:04,overcast clouds
419,Laela,-8.57,32.05,70.21,49,0,3.02,TZ,2020-11-24 18:35:04,clear sky
420,Oussouye,12.48,-16.55,93.2,34,0,4.7,SN,2020-11-24 18:35:04,clear sky
421,Sao Joao Da Barra,-21.64,-41.05,77.0,78,75,13.87,BR,2020-11-24 18:35:04,broken clouds
422,Chimbote,-9.09,-78.58,68.67,69,27,13.22,PE,2020-11-24 18:35:04,scattered clouds
423,Gigmoto,13.78,124.39,79.05,82,44,16.58,PH,2020-11-24 18:35:04,scattered clouds
424,Metro,-5.11,105.31,74.62,88,100,3.71,ID,2020-11-24 18:35:04,light rain
425,Ulaanbaatar,47.91,106.88,15.8,85,75,6.71,MN,2020-11-24 18:35:05,broken clouds
426,Xinqing,48.23,129.5,17.35,96,100,2.62,CN,2020-11-24 18:35:05,overcast clouds
427,Gueret,46.17,1.87,50.0,57,0,6.93,FR,2020-11-24 18:35:05,clear sky
428,Kargasok,59.06,80.86,13.73,94,100,5.61,RU,2020-11-24 18:35:05,overcast clouds
429,Vao,-22.67,167.48,74.3,70,0,11.41,NC,2020-11-24 18:35:05,clear sky
430,Grand Gaube,-20.01,57.66,75.99,76,1,4.0,MU,2020-11-24 18:35:05,clear sky
431,Port Blair,11.67,92.75,80.92,79,81,8.99,IN,2020-11-24 18:34:32,broken clouds
432,Goundam,16.41,-3.67,72.25,19,0,10.2,ML,2020-11-24 18:35:05,clear sky
433,Sembakung,3.82,117.25,73.98,98,100,1.21,ID,2020-11-24 18:35:05,overcast clouds
434,Sarakhs,36.54,61.16,35.6,72,0,2.39,IR,2020-11-24 18:35:05,clear sky
435,Dinard,48.63,-2.06,51.01,81,75,12.75,FR,2020-11-24 18:35:05,broken clouds
436,Lucea,18.45,-78.17,86.0,70,20,21.92,JM,2020-11-24 18:35:05,few clouds
437,Aleksandrovskiy Zavod,50.92,117.94,5.45,89,0,4.07,RU,2020-11-24 18:35:05,clear sky
438,Vertientes,21.26,-78.15,84.2,58,40,17.22,CU,2020-11-24 18:35:05,scattered clouds
439,Bakchar,57.02,82.07,11.77,97,62,1.39,RU,2020-11-24 18:35:05,broken clouds
440,Sampit,-2.53,112.95,74.16,97,100,2.93,ID,2020-11-24 18:35:05,overcast clouds
441,Ondarroa,43.32,-2.42,55.0,57,100,8.61,ES,2020-11-24 18:35:06,overcast clouds
442,Wanaka,-44.7,169.15,46.99,75,10,3.67,NZ,2020-11-24 18:35:06,clear sky
443,Zhigansk,66.77,123.37,-1.7,91,99,14.74,RU,2020-11-24 18:35:06,overcast clouds
444,Kyaukse,21.6,96.13,67.68,86,69,2.39,MM,2020-11-24 18:35:06,broken clouds
445,Orchard Homes,46.86,-114.05,37.99,70,90,2.73,US,2020-11-24 18:30:43,overcast clouds
446,Yulara,-25.24,130.99,78.8,19,98,9.17,AU,2020-11-24 18:35:06,overcast clouds
447,Grong,64.47,12.31,35.6,93,75,12.75,NO,2020-11-24 18:35:06,broken clouds
448,Luoyang,34.68,112.45,38.75,75,2,2.73,CN,2020-11-24 18:32:43,clear sky
449,Hokitika,-42.72,170.97,55.15,77,100,7.87,NZ,2020-11-24 18:35:06,overcast clouds
450,Maneadero,31.72,-116.57,62.01,75,0,3.0,MX,2020-11-24 18:35:06,clear sky
451,Axim,4.87,-2.24,79.75,80,65,5.88,GH,2020-11-24 18:35:06,broken clouds
452,Idrinskoye,54.37,92.14,7.25,93,98,1.3,RU,2020-11-24 18:35:06,overcast clouds
453,Safranbolu,41.25,32.69,39.42,83,100,2.13,TR,2020-11-24 18:35:06,overcast clouds
454,Inirida,3.87,-67.92,81.88,86,100,3.42,CO,2020-11-24 18:35:06,light rain
455,Key West,24.56,-81.78,81.0,65,20,16.11,US,2020-11-24 18:31:21,few clouds
456,Broadstairs,51.36,1.44,50.0,80,100,7.0,GB,2020-11-24 18:35:06,overcast clouds
457,Yablonovo,50.85,37.36,35.6,100,75,11.18,RU,2020-11-24 18:35:07,light intensity shower rain
458,San Andres,12.58,-81.7,78.8,94,40,10.29,CO,2020-11-24 18:34:24,light intensity drizzle
459,Babaeski,41.43,27.09,45.25,70,99,11.63,TR,2020-11-24 18:35:07,overcast clouds
460,Tual,-5.67,132.75,84.07,70,100,4.79,ID,2020-11-24 18:35:07,overcast clouds
461,Carutapera,-1.2,-46.02,84.0,68,76,10.87,BR,2020-11-24 18:35:07,broken clouds
462,Batticaloa,7.71,81.69,78.49,81,100,20.47,LK,2020-11-24 18:35:07,overcast clouds
463,Viedma,-40.81,-63.0,80.01,32,0,1.01,AR,2020-11-24 18:35:07,clear sky
464,Otjiwarongo,-20.46,16.65,80.6,20,0,4.7,NA,2020-11-24 18:35:06,clear sky
465,Ligayan,4.65,119.47,83.82,75,100,8.72,PH,2020-11-24 18:35:07,overcast clouds
466,Komsomolskiy,40.43,71.72,28.4,79,100,4.7,UZ,2020-11-24 18:35:07,mist
467,San Cristobal,7.77,-72.22,87.8,62,40,9.17,VE,2020-11-24 18:35:07,scattered clouds
468,Kokoda,-8.88,147.74,72.59,70,100,1.72,PG,2020-11-24 18:35:07,overcast clouds
469,Sao Jose Da Coroa Grande,-8.9,-35.15,79.56,72,0,12.15,BR,2020-11-24 18:35:07,clear sky
470,Biu,10.61,12.19,76.39,27,80,6.76,NG,2020-11-24 18:35:07,broken clouds
471,Prince George,53.92,-122.75,34.0,93,90,16.11,CA,2020-11-24 18:35:00,moderate rain
472,Cherskiy,68.75,161.3,-5.42,91,100,5.23,RU,2020-11-24 18:35:08,overcast clouds
473,Opuwo,-18.06,13.84,77.88,30,0,9.93,NA,2020-11-24 18:35:08,clear sky
474,Beringovskiy,63.05,179.32,26.35,98,99,9.93,RU,2020-11-24 18:35:08,snow
475,Lefka,35.11,32.85,62.6,62,20,8.05,CY,2020-11-24 18:35:08,few clouds
476,Mujiayingzi,42.12,118.78,17.19,86,100,6.64,CN,2020-11-24 18:32:33,overcast clouds
477,Skelleftea,64.75,20.95,23.0,100,75,4.7,SE,2020-11-24 18:35:08,broken clouds
478,Mackenzie,55.3,-123.17,33.8,94,75,10.29,CA,2020-11-24 18:35:08,broken clouds
479,Bairiki,1.33,172.98,80.6,78,40,14.99,KI,2020-11-24 18:35:08,scattered clouds
480,Mont-De-Marsan,44.0,-0.67,46.99,81,0,3.36,FR,2020-11-24 18:35:08,clear sky
481,Matara,5.95,80.54,78.1,82,100,11.79,LK,2020-11-24 18:35:08,overcast clouds
482,Maryville,35.76,-83.97,55.99,55,100,2.77,US,2020-11-24 18:34:01,overcast clouds
483,Serebryanyy Bor,56.8,124.8,3.49,92,100,7.54,RU,2020-11-24 18:35:08,light snow
484,Asau,46.43,26.4,34.0,83,0,4.32,RO,2020-11-24 18:35:08,clear sky
485,Saint-Denis,48.92,2.33,45.0,81,0,6.93,FR,2020-11-24 18:35:08,clear sky
486,Foumbot,5.51,10.64,69.28,64,100,1.95,CM,2020-11-24 18:35:09,overcast clouds
487,Maniitsoq,65.42,-52.9,28.33,98,100,22.97,GL,2020-11-24 18:35:09,overcast clouds
488,Maldonado,-34.67,-54.92,93.2,41,0,9.17,UY,2020-11-24 18:35:09,clear sky
489,Tolaga Bay,-38.37,178.3,56.52,91,100,18.95,NZ,2020-11-24 18:35:09,light rain
490,Dargaville,-35.93,173.88,65.35,91,100,9.98,NZ,2020-11-24 18:35:09,light rain
491,Bubaque,11.28,-15.83,83.03,71,0,11.86,GW,2020-11-24 18:35:09,clear sky
492,Bemidji,47.47,-94.88,34.0,95,90,8.05,US,2020-11-24 18:35:09,overcast clouds
493,Westport,41.14,-73.36,48.99,39,1,11.41,US,2020-11-24 18:31:07,clear sky
494,Anshan,41.12,122.99,31.42,92,96,5.19,CN,2020-11-24 18:35:09,overcast clouds
495,Libreville,0.39,9.45,80.6,88,20,5.82,GA,2020-11-24 18:33:11,few clouds
496,Calais,50.92,1.83,46.0,92,85,3.0,FR,2020-11-24 18:35:09,overcast clouds
497,Maniwaki,46.38,-75.97,21.2,53,0,3.36,CA,2020-11-24 18:35:09,clear sky
498,Atocha,-20.93,-66.23,69.6,21,100,6.46,BO,2020-11-24 18:35:09,overcast clouds
499,Nelson Bay,-32.72,152.15,57.99,100,12,1.72,AU,2020-11-24 18:35:09,few clouds
500,Diamantino,-14.41,-56.45,91.13,50,19,6.62,BR,2020-11-24 18:35:10,light rain
501,Pingliang,35.54,106.69,23.99,93,100,6.82,CN,2020-11-24 18:33:27,overcast clouds
502,Kromy,52.69,35.77,33.26,94,93,11.95,RU,2020-11-24 18:35:10,overcast clouds
503,Naqadeh,36.96,45.39,39.58,70,0,0.74,IR,2020-11-24 18:35:10,clear sky
504,Biltine,14.53,20.92,76.77,23,0,7.7,TD,2020-11-24 18:35:10,clear sky
505,Maebaru,33.55,130.2,54.0,87,42,4.7,JP,2020-11-24 18:35:10,scattered clouds
506,Mnogovershinnyy,53.94,139.92,9.66,94,85,12.39,RU,2020-11-24 18:35:10,overcast clouds
507,Sobolevo,54.43,31.9,33.69,92,100,9.44,RU,2020-11-24 18:35:10,overcast clouds
508,Vilhena,-12.74,-60.15,89.6,55,40,9.17,BR,2020-11-24 18:35:10,scattered clouds
509,Rundu,-17.93,19.77,77.52,59,100,8.28,NA,2020-11-24 18:35:10,overcast clouds
510,Lagunas,-5.23,-75.68,93.4,46,99,2.39,PE,2020-11-24 18:35:10,overcast clouds
511,Yoichi,43.2,140.77,28.99,79,100,8.57,JP,2020-11-24 18:35:10,overcast clouds
512,Yumen,40.28,97.2,16.95,79,0,2.68,CN,2020-11-24 18:35:10,clear sky
513,Batagay-Alyta,67.8,130.41,-2.22,91,99,2.17,RU,2020-11-24 18:35:10,overcast clouds
514,Sayat,38.78,63.88,32.0,68,0,6.93,TM,2020-11-24 18:35:10,clear sky
515,West Fargo,46.88,-96.9,37.4,93,90,6.93,US,2020-11-24 18:35:11,overcast clouds
516,Hami,42.8,93.45,17.31,73,0,1.7,CN,2020-11-24 18:35:11,clear sky
517,Lake Charles,30.21,-93.2,77.0,69,90,16.11,US,2020-11-24 18:35:11,overcast clouds
518,Pouembout,-21.13,164.9,72.46,79,100,4.79,NC,2020-11-24 18:35:11,overcast clouds
519,Asekeyevo,53.57,52.8,26.31,97,100,12.41,RU,2020-11-24 18:35:11,overcast clouds
520,College,64.86,-147.8,5.0,77,90,3.36,US,2020-11-24 18:35:11,light snow
521,Barra Da Estiva,-13.63,-41.33,73.44,70,36,7.85,BR,2020-11-24 18:35:11,scattered clouds
522,Babushkin,51.71,105.86,20.39,92,98,9.53,RU,2020-11-24 18:35:11,overcast clouds
523,Ambon,-3.7,128.18,78.01,15,99,4.03,ID,2020-11-24 18:33:54,overcast clouds
524,Vittoria,36.95,14.53,60.8,93,19,1.12,IT,2020-11-24 18:35:11,few clouds
525,Tromso,69.65,18.96,28.4,74,0,18.34,NO,2020-11-24 18:35:11,clear sky
526,Shelburne,44.08,-80.2,30.0,78,100,3.0,CA,2020-11-24 18:35:11,overcast clouds
527,Palmas Bellas,9.23,-80.09,81.0,85,26,8.01,PA,2020-11-24 18:35:11,scattered clouds
528,Shingu,33.73,135.98,51.66,81,0,5.06,JP,2020-11-24 18:35:11,clear sky
529,Victor Harbor,-35.57,138.62,62.01,77,0,7.05,AU,2020-11-24 18:35:11,clear sky
530,Marinette,45.1,-87.63,35.6,94,90,13.87,US,2020-11-24 18:30:46,overcast clouds
531,Inuvik,68.35,-133.72,3.2,84,99,3.36,CA,2020-11-24 18:34:32,light snow
532,Kirakira,-10.45,161.92,78.57,79,100,5.17,SB,2020-11-24 18:35:12,overcast clouds
533,Stephenville,32.22,-98.2,73.0,83,90,14.99,US,2020-11-24 18:35:12,overcast clouds
534,Lahr,48.35,7.87,39.2,93,90,2.24,DE,2020-11-24 18:35:12,mist
535,Rabo De Peixe,37.8,-25.58,57.2,54,20,14.99,PT,2020-11-24 18:35:12,few clouds
536,Lasa,46.62,10.7,35.01,69,5,1.12,IT,2020-11-24 18:35:12,clear sky
537,Ust-Uda,54.17,103.03,7.25,94,2,1.77,RU,2020-11-24 18:35:12,clear sky
538,Manicore,-5.81,-61.3,82.4,83,20,5.82,BR,2020-11-24 18:35:12,light rain
539,Grafton,42.21,-71.69,43.0,44,1,13.87,US,2020-11-24 18:35:12,clear sky
540,Tessalit,20.2,1.01,63.5,26,77,8.86,ML,2020-11-24 18:35:12,broken clouds
541,Tilichiki,60.47,166.1,2.57,94,100,6.06,RU,2020-11-24 18:35:12,overcast clouds
542,Jaciara,-15.97,-54.97,93.4,41,39,10.96,BR,2020-11-24 18:35:12,scattered clouds
543,Coahuayana,18.73,-103.68,86.0,58,20,6.93,MX,2020-11-24 18:35:12,few clouds
544,Roanne,46.0,4.0,37.4,86,0,6.93,FR,2020-11-24 18:35:12,clear sky
545,Bhatapara,21.73,81.93,62.13,53,99,4.5,IN,2020-11-24 18:35:13,overcast clouds
546,Saint-Joseph,-21.37,55.62,75.2,78,100,5.82,RE,2020-11-24 18:35:13,overcast clouds
547,Vostok,46.49,135.88,11.19,97,100,4.97,RU,2020-11-24 18:35:13,light snow
548,Ponta Delgada,37.73,-25.67,57.2,54,20,14.99,PT,2020-11-24 18:35:13,few clouds
549,Skagen,57.72,10.58,52.0,93,100,20.0,DK,2020-11-24 18:35:13,overcast clouds
550,Puerto Colombia,10.99,-74.95,89.6,66,20,5.82,CO,2020-11-24 18:30:33,few clouds
551,Baruun-Urt,46.68,113.28,13.96,95,100,3.06,MN,2020-11-24 18:35:13,overcast clouds
552,Lakes Entrance,-37.88,147.98,54.0,75,0,5.23,AU,2020-11-24 18:35:13,clear sky
553,Passo Fundo,-28.26,-52.41,85.66,31,0,7.74,BR,2020-11-24 18:32:51,clear sky
554,Dwarka,22.24,68.97,75.45,60,91,14.0,IN,2020-11-24 18:35:13,overcast clouds
555,Pocone,-16.26,-56.62,99.55,32,58,10.11,BR,2020-11-24 18:35:13,broken clouds
556,Port Macquarie,-31.43,152.92,59.0,92,60,7.0,AU,2020-11-24 18:35:13,broken clouds
557,Qaqortoq,60.72,-46.03,24.8,53,75,4.7,GL,2020-11-24 18:35:13,broken clouds
558,Wroclaw,51.1,17.03,37.99,80,0,3.36,PL,2020-11-24 18:33:29,clear sky
559,Marica,-22.92,-42.82,82.4,74,40,14.99,BR,2020-11-24 18:35:13,scattered clouds
560,Melilla,35.29,-2.94,59.0,72,0,2.24,ES,2020-11-24 18:35:14,clear sky
561,Quelimane,-17.88,36.89,84.2,83,20,18.34,MZ,2020-11-24 18:35:14,few clouds
562,Quesnel,53.0,-122.5,37.4,69,90,5.82,CA,2020-11-24 18:35:14,moderate rain
563,Tabuk,17.42,121.44,69.01,86,0,2.53,PH,2020-11-24 18:35:14,clear sky
564,Ningxiang,37.34,111.21,25.7,94,97,1.95,CN,2020-11-24 18:35:14,overcast clouds
565,Phonhong,18.5,102.42,72.54,82,65,0.78,LA,2020-11-24 18:35:14,broken clouds
566,Ca Mau,9.18,105.15,74.64,91,100,5.84,VN,2020-11-24 18:35:14,light rain
567,Lubyany,56.04,51.4,26.6,92,90,13.42,RU,2020-11-24 18:35:14,snow
568,Mogadishu,2.04,45.34,80.35,80,8,12.1,SO,2020-11-24 18:35:14,clear sky
569,Meridian,43.61,-116.39,42.01,100,1,4.7,US,2020-11-24 18:32:17,clear sky
570,Pangnirtung,66.15,-65.71,5.0,71,75,3.36,CA,2020-11-24 18:35:14,light snow
571,Moree,-29.47,149.85,68.0,64,1,9.17,AU,2020-11-24 18:35:14,clear sky
572,Rincon,32.3,-81.24,66.99,55,20,9.17,US,2020-11-24 18:35:14,few clouds
573,Turukhansk,65.82,87.98,12.61,96,99,8.79,RU,2020-11-24 18:35:14,overcast clouds
574,Aklavik,68.22,-135.01,-2.2,84,75,2.24,CA,2020-11-24 18:35:14,light snow
575,Bulgan,48.81,103.53,16.57,95,100,3.44,MN,2020-11-24 18:35:15,overcast clouds
576,Seydisehir,37.42,31.85,41.13,62,100,3.83,TR,2020-11-24 18:35:15,overcast clouds
577,Makokou,0.57,12.86,72.34,93,1,2.68,GA,2020-11-24 18:35:15,clear sky
578,Antofagasta,-23.65,-70.4,69.01,72,75,16.11,CL,2020-11-24 18:35:15,broken clouds
579,Teguldet,57.31,88.17,8.28,95,63,2.77,RU,2020-11-24 18:35:15,broken clouds
580,Wahiawa,21.5,-158.02,77.0,100,90,3.36,US,2020-11-24 18:34:55,light intensity drizzle
581,Lamar,33.67,-95.58,59.0,82,90,16.11,US,2020-11-24 18:35:15,overcast clouds
582,Bonavista,48.65,-53.11,55.0,93,100,12.75,CA,2020-11-24 18:30:38,overcast clouds
583,Boa Vista,2.82,-60.67,84.2,66,75,11.41,BR,2020-11-24 18:35:15,thunderstorm
584,Villazon,-22.09,-65.59,75.99,18,29,15.32,BO,2020-11-24 18:35:15,scattered clouds
585,Damghan,36.17,54.35,39.6,69,0,1.12,IR,2020-11-24 18:35:15,clear sky
586,Fukue,32.69,128.84,57.42,64,0,10.76,JP,2020-11-24 18:35:15,clear sky
587,Dongsheng,39.82,109.98,20.26,90,100,6.31,CN,2020-11-24 18:35:15,overcast clouds
588,La Ronge,55.1,-105.28,12.2,78,0,5.82,CA,2020-11-24 18:35:15,clear sky
589,Vestmanna,62.16,-7.17,44.6,81,100,9.17,FO,2020-11-24 18:35:15,light rain
590,Loa Janan,-0.58,117.09,73.92,94,95,1.7,ID,2020-11-24 18:35:16,overcast clouds
591,Bambanglipuro,-7.95,110.28,77.29,81,100,3.42,ID,2020-11-24 18:35:16,overcast clouds
592,Sarangani,5.4,125.46,82.54,76,100,8.52,PH,2020-11-24 18:35:16,moderate rain
593,Zarand,30.81,56.56,43.84,62,0,1.5,IR,2020-11-24 18:35:16,clear sky
594,Zhezkazgan,47.8,67.71,10.18,95,0,9.33,KZ,2020-11-24 18:35:16,clear sky
595,Port Augusta,-32.5,137.77,59.0,87,0,3.36,AU,2020-11-24 18:35:16,clear sky
596,Auki,-8.77,160.7,75.7,90,100,8.14,SB,2020-11-24 18:35:16,heavy intensity rain
597,Gravdal,68.12,13.5,37.4,86,75,6.93,NO,2020-11-24 18:35:16,light rain
598,Hinatuan,8.37,126.33,76.37,90,100,4.76,PH,2020-11-24 18:35:16,overcast clouds
599,Nokaneng,-19.67,22.27,85.37,44,100,2.71,BW,2020-11-24 18:35:16,overcast clouds
600,Kirgiz-Miyaki,53.63,54.8,24.13,97,100,13.98,RU,2020-11-24 18:35:16,overcast clouds
601,Rio Gallegos,-51.62,-69.22,59.0,22,75,26.4,AR,2020-11-24 18:34:02,broken clouds
602,Alekseyevsk,57.84,108.35,2.82,92,97,4.36,RU,2020-11-24 18:35:16,overcast clouds
603,San Policarpo,12.18,125.51,81.01,78,94,17.58,PH,2020-11-24 18:35:17,overcast clouds
604,Half Moon Bay,37.46,-122.43,60.01,81,20,4.7,US,2020-11-24 18:33:35,mist
605,Dahra,36.25,0.85,59.0,41,0,1.79,DZ,2020-11-24 18:35:17,clear sky
606,Quirinopolis,-18.45,-50.45,88.66,41,91,5.06,BR,2020-11-24 18:35:17,overcast clouds
607,Gresham Park,33.7,-84.31,60.01,35,75,8.05,US,2020-11-24 18:35:17,broken clouds
608,Komsomolskoye,55.26,47.55,31.05,98,100,10.63,RU,2020-11-24 18:35:17,snow
609,Gao,16.64,1.64,75.31,19,0,7.43,ML,2020-11-24 18:35:17,clear sky
610,Kalmunai,7.42,81.82,78.58,79,100,16.2,LK,2020-11-24 18:35:17,overcast clouds
611,Nara,34.69,135.8,50.0,68,0,2.15,JP,2020-11-24 18:32:32,clear sky
612,Nemuro,43.32,145.57,36.41,78,100,5.53,JP,2020-11-24 18:35:17,overcast clouds
613,Muzhi,65.37,64.67,18.12,97,100,7.94,RU,2020-11-24 18:35:17,overcast clouds
614,Filadelfia,39.95,-75.16,50.0,42,40,6.93,US,2020-11-24 18:33:51,scattered clouds
615,Tarquinia,42.25,11.76,50.0,71,0,8.05,IT,2020-11-24 18:35:17,clear sky
616,Sesheke,-17.48,24.3,75.2,78,100,2.24,ZM,2020-11-24 18:35:17,moderate rain
617,Tuy Hoa,13.08,109.3,75.4,90,100,7.56,VN,2020-11-24 18:35:17,light rain
618,Walla Walla,46.06,-118.34,50.0,52,1,10.29,US,2020-11-24 18:35:17,clear sky
619,Ayagoz,47.97,80.44,7.16,92,4,7.38,KZ,2020-11-24 18:35:17,clear sky
620,Wageningen,51.97,5.67,46.99,93,90,8.05,NL,2020-11-24 18:35:17,overcast clouds
621,Shizunai,42.33,142.37,37.78,74,100,2.35,JP,2020-11-24 18:35:18,overcast clouds
622,Havelock,34.88,-76.9,55.99,57,0,1.01,US,2020-11-24 18:34:17,clear sky
623,Manitouwadge,49.12,-85.84,19.4,92,90,10.29,CA,2020-11-24 18:35:18,overcast clouds
624,Zyryanka,65.75,150.85,1.06,93,100,15.9,RU,2020-11-24 18:35:18,light snow
625,Huilong,31.81,121.66,53.01,99,100,7.9,CN,2020-11-24 18:35:18,light rain
626,Koungou,-12.73,45.2,80.6,78,0,4.7,YT,2020-11-24 18:35:18,clear sky
627,Veinticinco De Mayo,-35.43,-60.17,83.34,53,100,9.64,AR,2020-11-24 18:35:18,light rain
628,Sungai Padi,6.09,101.88,77.0,79,77,1.12,TH,2020-11-24 18:35:18,broken clouds
629,Baherden,38.44,57.43,41.67,66,1,3.47,TM,2020-11-24 18:35:18,clear sky
630,Abu Zabad,12.35,29.25,78.53,26,0,10.78,SD,2020-11-24 18:30:21,clear sky
631,Karatau,43.17,70.47,19.33,87,100,3.38,KZ,2020-11-24 18:35:18,overcast clouds
632,Samarai,-10.62,150.67,80.53,77,100,10.98,PG,2020-11-24 18:35:18,overcast clouds
633,Colares,38.8,-9.45,62.01,82,40,8.05,PT,2020-11-24 18:35:18,scattered clouds
634,Kabalo,-6.05,26.92,70.7,96,100,3.65,CD,2020-11-24 18:35:19,moderate rain
635,Cururupu,-1.83,-44.87,86.36,62,23,7.74,BR,2020-11-24 18:32:19,few clouds
636,Anito,12.45,125.29,79.97,80,94,13.33,PH,2020-11-24 18:35:19,overcast clouds
637,Wawa,9.9,4.42,82.4,34,38,0.89,NG,2020-11-24 18:35:19,scattered clouds
638,Kadyy,57.79,43.19,31.59,99,100,3.76,RU,2020-11-24 18:35:19,light snow
639,Orange,33.7,-117.77,66.0,55,20,2.77,US,2020-11-24 18:31:17,few clouds
640,Houma,29.6,-90.72,78.01,69,40,13.87,US,2020-11-24 18:35:19,scattered clouds
641,Santa Isabel,-23.32,-46.22,84.2,54,40,11.41,BR,2020-11-24 18:35:19,scattered clouds
642,Noumea,-22.28,166.46,77.0,88,0,5.82,NC,2020-11-24 18:35:19,clear sky
643,Nhulunbuy,-12.23,136.77,80.6,78,0,8.05,AU,2020-11-24 18:35:19,clear sky
644,Reitz,-27.8,28.43,63.14,39,0,4.32,ZA,2020-11-24 18:35:19,clear sky
645,Ziarat,30.38,67.73,33.82,95,99,0.74,PK,2020-11-24 18:35:19,overcast clouds
646,Black River,18.03,-77.85,86.0,70,20,21.92,JM,2020-11-24 18:35:19,few clouds
647,Quzhou,28.96,118.87,52.45,90,86,4.59,CN,2020-11-24 18:35:19,overcast clouds
648,Jumla,29.27,82.18,37.81,69,96,4.25,NP,2020-11-24 18:35:19,overcast clouds
649,Inhambane,-23.86,35.38,80.6,88,20,10.29,MZ,2020-11-24 18:35:19,few clouds
650,Olavarria,-36.89,-60.32,64.99,98,100,11.12,AR,2020-11-24 18:32:05,light rain
651,Mednogorsk,51.41,57.59,18.84,95,49,3.65,RU,2020-11-24 18:35:20,scattered clouds
652,Siay,7.7,122.86,76.53,88,95,4.65,PH,2020-11-24 18:35:20,overcast clouds
653,Talkha,31.05,31.38,62.51,75,1,4.79,EG,2020-11-24 18:35:20,clear sky
654,Borovskoy,53.8,64.15,17.22,96,100,8.08,KZ,2020-11-24 18:35:20,overcast clouds
655,Betsiamites,48.94,-68.65,23.0,57,1,14.99,CA,2020-11-24 18:35:20,clear sky
656,Tartagal,-22.52,-63.8,102.2,35,25,17.22,AR,2020-11-24 18:35:20,scattered clouds
657,Sayyan,15.17,44.32,53.38,68,42,5.46,YE,2020-11-24 18:35:20,scattered clouds
658,Kudat,6.88,116.85,75.2,100,20,1.12,MY,2020-11-24 18:35:20,few clouds
659,Nchelenge,-9.35,28.73,76.12,76,71,8.37,ZM,2020-11-24 18:35:20,broken clouds
660,Pontianak,-0.03,109.33,75.52,91,100,2.21,ID,2020-11-24 18:35:20,overcast clouds
661,Ahuimanu,21.44,-157.84,77.0,78,75,11.41,US,2020-11-24 18:35:20,moderate rain
662,Sawang Daen Din,17.48,103.46,72.0,86,0,7.16,TH,2020-11-24 18:35:20,clear sky
663,Bucerias,20.75,-105.33,84.2,62,5,8.05,MX,2020-11-24 18:35:20,clear sky
664,Pochutla,15.74,-96.47,87.8,62,20,8.05,MX,2020-11-24 18:35:20,few clouds
665,Jinan,36.67,117.0,41.0,92,0,2.24,CN,2020-11-24 18:35:21,fog
666,Comodoro Rivadavia,-45.87,-67.5,68.0,22,75,21.92,AR,2020-11-24 18:35:21,broken clouds
667,Sringeri,13.42,75.25,78.8,78,100,4.0,IN,2020-11-24 18:35:21,overcast clouds
668,Coihaique,-45.58,-72.07,55.4,47,75,3.36,CL,2020-11-24 18:33:17,broken clouds
669,Hobyo,5.35,48.53,80.76,76,68,11.18,SO,2020-11-24 18:35:21,broken clouds
670,Harur,12.07,78.5,70.36,88,99,5.59,IN,2020-11-24 18:35:21,overcast clouds
671,Bad Oldesloe,53.81,10.37,44.01,92,100,1.01,DE,2020-11-24 18:35:21,overcast clouds
672,Cap Malheureux,-19.98,57.61,75.99,76,1,4.0,MU,2020-11-24 18:35:21,clear sky
673,Xining,36.62,101.77,21.69,92,100,3.15,CN,2020-11-24 18:35:21,overcast clouds
674,Rafai,4.95,23.92,73.62,57,19,2.71,CF,2020-11-24 18:35:21,few clouds
675,Suntar,62.14,117.63,-1.88,91,80,6.55,RU,2020-11-24 18:35:21,broken clouds
676,Ocampo,21.65,-101.5,70.88,26,1,8.01,MX,2020-11-24 18:35:21,clear sky
677,Kurumkan,54.3,110.3,6.48,84,2,3.22,RU,2020-11-24 18:35:21,clear sky
678,Lourdes,43.1,-0.05,41.0,86,0,4.7,FR,2020-11-24 18:35:21,clear sky
679,Kihei,20.79,-156.47,75.2,83,40,19.46,US,2020-11-24 18:35:21,scattered clouds
680,Benjamin Hill,30.17,-111.1,72.0,31,0,1.01,MX,2020-11-24 18:35:22,clear sky
681,Kropotkin,45.44,40.58,40.44,86,100,7.65,RU,2020-11-24 18:30:27,light rain
682,Isabela,6.71,121.97,77.0,94,40,1.12,PH,2020-11-24 18:35:22,scattered clouds
683,Odweyne,9.41,45.06,68.5,81,51,5.39,SO,2020-11-24 18:35:22,broken clouds
684,Chumikan,54.72,135.31,5.43,89,0,20.74,RU,2020-11-24 18:35:22,clear sky
685,Fonte Boa,-2.5,-66.27,81.64,92,100,1.28,BR,2020-11-24 18:35:22,overcast clouds
686,Zhangye,38.93,100.45,19.58,82,100,4.92,CN,2020-11-24 18:35:22,overcast clouds
687,Morant Bay,17.88,-76.41,88.0,66,40,3.36,JM,2020-11-24 18:35:22,scattered clouds
688,Buchanan,5.88,-10.05,82.4,83,40,5.82,LR,2020-11-24 18:35:22,scattered clouds
689,Kuytun,54.34,101.5,5.52,95,0,1.97,RU,2020-11-24 18:35:22,clear sky
690,Oistins,13.07,-59.53,86.0,66,40,18.34,BB,2020-11-24 18:34:47,scattered clouds
691,Margherita,27.28,95.68,60.21,83,0,1.83,IN,2020-11-24 18:35:22,clear sky
692,Nuuk,64.18,-51.72,30.2,80,90,34.45,GL,2020-11-24 18:35:22,light snow
693,Kamenka,51.32,42.77,31.87,99,100,6.71,RU,2020-11-24 18:35:22,overcast clouds
694,Birnin Kebbi,12.45,4.2,83.71,22,8,7.07,NG,2020-11-24 18:35:22,clear sky
695,Altay,47.87,88.12,10.83,63,54,3.74,CN,2020-11-24 18:35:23,broken clouds
696,Alice Town,25.72,-79.3,75.76,79,2,21.52,BS,2020-11-24 18:35:23,clear sky
697,Satun,6.83,100.0,80.6,100,20,2.64,TH,2020-11-24 18:35:23,few clouds
698,Kuryk,43.2,51.65,31.95,93,33,8.63,KZ,2020-11-24 18:35:23,scattered clouds
699,Mahajanga,-15.72,46.32,84.2,62,20,10.29,MG,2020-11-24 18:35:23,few clouds
